feature,importance,importance_share,feature_type
contrast,590.0,0.06555555555555556,metadata
brightness,554.0,0.06155555555555556,metadata
pixel_r13_c17,80.0,0.008888888888888889,pixel
pixel_r10_c13,71.0,0.00788888888888889,pixel
pixel_r19_c15,68.0,0.007555555555555556,pixel
pixel_r11_c13,65.0,0.007222222222222222,pixel
pixel_r14_c18,55.0,0.006111111111111111,pixel
pixel_r19_c19,52.0,0.0057777777777777775,pixel
pixel_r11_c20,51.0,0.005666666666666667,pixel
pixel_r11_c11,50.0,0.005555555555555556,pixel
pixel_r13_c14,50.0,0.005555555555555556,pixel
pixel_r20_c13,50.0,0.005555555555555556,pixel
pixel_r18_c18,49.0,0.0054444444444444445,pixel
pixel_r17_c11,49.0,0.0054444444444444445,pixel
pixel_r12_c19,48.0,0.005333333333333333,pixel
pixel_r14_c13,47.0,0.005222222222222222,pixel
pixel_r17_c18,46.0,0.005111111111111111,pixel
pixel_r11_c09,46.0,0.005111111111111111,pixel
pixel_r22_c16,44.0,0.004888888888888889,pixel
pixel_r22_c14,43.0,0.0047777777777777775,pixel
pixel_r18_c13,43.0,0.0047777777777777775,pixel
pixel_r19_c16,43.0,0.0047777777777777775,pixel
pixel_r13_c10,42.0,0.004666666666666667,pixel
pixel_r16_c15,42.0,0.004666666666666667,pixel
pixel_r12_c12,41.0,0.004555555555555556,pixel
pixel_r18_c17,40.0,0.0044444444444444444,pixel
pixel_r17_c13,40.0,0.0044444444444444444,pixel
pixel_r15_c09,39.0,0.004333333333333333,pixel
pixel_r20_c18,39.0,0.004333333333333333,pixel
pixel_r15_c15,38.0,0.004222222222222222,pixel
pixel_r20_c20,38.0,0.004222222222222222,pixel
pixel_r13_c20,38.0,0.004222222222222222,pixel
pixel_r13_c11,37.0,0.004111111111111111,pixel
pixel_r15_c22,37.0,0.004111111111111111,pixel
pixel_r19_c12,36.0,0.004,pixel
pixel_r12_c16,36.0,0.004,pixel
pixel_r20_c14,36.0,0.004,pixel
pixel_r16_c19,34.0,0.003777777777777778,pixel
pixel_r21_c16,34.0,0.003777777777777778,pixel
pixel_r08_c18,33.0,0.0036666666666666666,pixel
pixel_r09_c08,33.0,0.0036666666666666666,pixel
pixel_r23_c19,32.0,0.0035555555555555557,pixel
pixel_r11_c14,32.0,0.0035555555555555557,pixel
pixel_r16_c16,31.0,0.0034444444444444444,pixel
pixel_r12_c15,31.0,0.0034444444444444444,pixel
pixel_r22_c15,31.0,0.0034444444444444444,pixel
pixel_r15_c13,31.0,0.0034444444444444444,pixel
pixel_r16_c12,30.0,0.0033333333333333335,pixel
pixel_r02_c19,29.0,0.0032222222222222222,pixel
pixel_r12_c10,29.0,0.0032222222222222222,pixel
pixel_r21_c19,29.0,0.0032222222222222222,pixel
pixel_r09_c13,28.0,0.003111111111111111,pixel
pixel_r11_c18,28.0,0.003111111111111111,pixel
pixel_r09_c16,28.0,0.003111111111111111,pixel
pixel_r16_c13,28.0,0.003111111111111111,pixel
pixel_r29_c20,27.0,0.003,pixel
pixel_r15_c19,27.0,0.003,pixel
pixel_r13_c13,26.0,0.0028888888888888888,pixel
pixel_r09_c18,26.0,0.0028888888888888888,pixel
pixel_r23_c18,26.0,0.0028888888888888888,pixel
pixel_r18_c20,26.0,0.0028888888888888888,pixel
pixel_r07_c19,26.0,0.0028888888888888888,pixel
pixel_r20_c17,25.0,0.002777777777777778,pixel
pixel_r09_c05,25.0,0.002777777777777778,pixel
pixel_r22_c06,25.0,0.002777777777777778,pixel
pixel_r19_c29,25.0,0.002777777777777778,pixel
pixel_r18_c21,24.0,0.0026666666666666666,pixel
pixel_r21_c17,24.0,0.0026666666666666666,pixel
pixel_r19_c17,24.0,0.0026666666666666666,pixel
pixel_r19_c23,24.0,0.0026666666666666666,pixel
pixel_r21_c11,24.0,0.0026666666666666666,pixel
pixel_r11_c17,24.0,0.0026666666666666666,pixel
pixel_r19_c10,24.0,0.0026666666666666666,pixel
pixel_r10_c22,24.0,0.0026666666666666666,pixel
pixel_r09_c28,23.0,0.0025555555555555557,pixel
pixel_r02_c13,23.0,0.0025555555555555557,pixel
pixel_r10_c08,23.0,0.0025555555555555557,pixel
pixel_r18_c11,22.0,0.0024444444444444444,pixel
pixel_r21_c12,22.0,0.0024444444444444444,pixel
pixel_r09_c15,22.0,0.0024444444444444444,pixel
pixel_r08_c13,21.0,0.0023333333333333335,pixel
pixel_r09_c17,21.0,0.0023333333333333335,pixel
pixel_r17_c15,21.0,0.0023333333333333335,pixel
pixel_r13_c29,21.0,0.0023333333333333335,pixel
pixel_r15_c12,21.0,0.0023333333333333335,pixel
pixel_r18_c14,21.0,0.0023333333333333335,pixel
pixel_r21_c23,20.0,0.0022222222222222222,pixel
pixel_r25_c06,20.0,0.0022222222222222222,pixel
pixel_r18_c16,20.0,0.0022222222222222222,pixel
pixel_r08_c16,20.0,0.0022222222222222222,pixel
pixel_r20_c04,19.0,0.002111111111111111,pixel
pixel_r23_c08,19.0,0.002111111111111111,pixel
pixel_r22_c17,19.0,0.002111111111111111,pixel
pixel_r12_c17,19.0,0.002111111111111111,pixel
pixel_r21_c13,19.0,0.002111111111111111,pixel
pixel_r10_c19,18.0,0.002,pixel
pixel_r13_c15,18.0,0.002,pixel
pixel_r17_c19,18.0,0.002,pixel
pixel_r18_c02,18.0,0.002,pixel
pixel_r18_c09,18.0,0.002,pixel
pixel_r18_c25,18.0,0.002,pixel
pixel_r23_c14,18.0,0.002,pixel
pixel_r20_c21,17.0,0.001888888888888889,pixel
pixel_r08_c04,17.0,0.001888888888888889,pixel
pixel_r10_c18,17.0,0.001888888888888889,pixel
pixel_r04_c23,17.0,0.001888888888888889,pixel
pixel_r15_c25,17.0,0.001888888888888889,pixel
pixel_r14_c11,17.0,0.001888888888888889,pixel
pixel_r12_c02,17.0,0.001888888888888889,pixel
pixel_r13_c03,17.0,0.001888888888888889,pixel
pixel_r02_c12,17.0,0.001888888888888889,pixel
pixel_r14_c20,17.0,0.001888888888888889,pixel
pixel_r10_c28,17.0,0.001888888888888889,pixel
pixel_r28_c14,16.0,0.0017777777777777779,pixel
pixel_r02_c20,16.0,0.0017777777777777779,pixel
pixel_r10_c20,16.0,0.0017777777777777779,pixel
pixel_r11_c27,16.0,0.0017777777777777779,pixel
pixel_r09_c00,16.0,0.0017777777777777779,pixel
pixel_r12_c22,16.0,0.0017777777777777779,pixel
pixel_r13_c09,16.0,0.0017777777777777779,pixel
pixel_r16_c21,16.0,0.0017777777777777779,pixel
pixel_r13_c21,16.0,0.0017777777777777779,pixel
pixel_r11_c10,15.0,0.0016666666666666668,pixel
pixel_r15_c16,15.0,0.0016666666666666668,pixel
pixel_r19_c13,15.0,0.0016666666666666668,pixel
pixel_r19_c14,15.0,0.0016666666666666668,pixel
pixel_r27_c23,15.0,0.0016666666666666668,pixel
pixel_r29_c12,15.0,0.0016666666666666668,pixel
pixel_r17_c28,15.0,0.0016666666666666668,pixel
pixel_r17_c14,15.0,0.0016666666666666668,pixel
pixel_r14_c24,15.0,0.0016666666666666668,pixel
pixel_r02_c14,15.0,0.0016666666666666668,pixel
pixel_r28_c17,15.0,0.0016666666666666668,pixel
pixel_r16_c09,15.0,0.0016666666666666668,pixel
pixel_r21_c15,15.0,0.0016666666666666668,pixel
pixel_r07_c22,15.0,0.0016666666666666668,pixel
pixel_r22_c20,15.0,0.0016666666666666668,pixel
pixel_r10_c25,15.0,0.0016666666666666668,pixel
pixel_r10_c12,15.0,0.0016666666666666668,pixel
pixel_r23_c12,15.0,0.0016666666666666668,pixel
pixel_r12_c14,15.0,0.0016666666666666668,pixel
pixel_r24_c04,14.0,0.0015555555555555555,pixel
pixel_r03_c21,14.0,0.0015555555555555555,pixel
pixel_r29_c11,14.0,0.0015555555555555555,pixel
pixel_r22_c12,14.0,0.0015555555555555555,pixel
pixel_r18_c07,14.0,0.0015555555555555555,pixel
pixel_r21_c09,14.0,0.0015555555555555555,pixel
pixel_r21_c18,14.0,0.0015555555555555555,pixel
pixel_r05_c12,14.0,0.0015555555555555555,pixel
pixel_r14_c09,14.0,0.0015555555555555555,pixel
pixel_r13_c24,14.0,0.0015555555555555555,pixel
pixel_r25_c09,13.0,0.0014444444444444444,pixel
pixel_r19_c21,13.0,0.0014444444444444444,pixel
pixel_r22_c18,13.0,0.0014444444444444444,pixel
pixel_r11_c21,13.0,0.0014444444444444444,pixel
pixel_r04_c10,13.0,0.0014444444444444444,pixel
pixel_r29_c18,13.0,0.0014444444444444444,pixel
pixel_r20_c15,13.0,0.0014444444444444444,pixel
pixel_r14_c03,13.0,0.0014444444444444444,pixel
pixel_r17_c12,13.0,0.0014444444444444444,pixel
pixel_r12_c26,13.0,0.0014444444444444444,pixel
pixel_r03_c09,13.0,0.0014444444444444444,pixel
pixel_r28_c22,13.0,0.0014444444444444444,pixel
pixel_r24_c21,13.0,0.0014444444444444444,pixel
pixel_r25_c12,13.0,0.0014444444444444444,pixel
pixel_r23_c20,13.0,0.0014444444444444444,pixel
pixel_r10_c17,13.0,0.0014444444444444444,pixel
pixel_r21_c25,13.0,0.0014444444444444444,pixel
pixel_r17_c08,13.0,0.0014444444444444444,pixel
pixel_r17_c07,13.0,0.0014444444444444444,pixel
pixel_r24_c25,13.0,0.0014444444444444444,pixel
pixel_r15_c07,12.0,0.0013333333333333333,pixel
pixel_r28_c18,12.0,0.0013333333333333333,pixel
pixel_r12_c20,12.0,0.0013333333333333333,pixel
pixel_r08_c20,12.0,0.0013333333333333333,pixel
pixel_r23_c11,12.0,0.0013333333333333333,pixel
pixel_r24_c06,12.0,0.0013333333333333333,pixel
pixel_r21_c04,12.0,0.0013333333333333333,pixel
pixel_r25_c25,12.0,0.0013333333333333333,pixel
pixel_r16_c25,12.0,0.0013333333333333333,pixel
pixel_r12_c18,12.0,0.0013333333333333333,pixel
pixel_r25_c16,12.0,0.0013333333333333333,pixel
pixel_r13_c23,12.0,0.0013333333333333333,pixel
pixel_r03_c10,12.0,0.0013333333333333333,pixel
pixel_r29_c19,12.0,0.0013333333333333333,pixel
pixel_r08_c15,12.0,0.0013333333333333333,pixel
pixel_r08_c11,12.0,0.0013333333333333333,pixel
pixel_r07_c15,12.0,0.0013333333333333333,pixel
pixel_r09_c14,12.0,0.0013333333333333333,pixel
pixel_r22_c21,12.0,0.0013333333333333333,pixel
pixel_r10_c07,12.0,0.0013333333333333333,pixel
pixel_r09_c11,12.0,0.0013333333333333333,pixel
pixel_r23_c10,12.0,0.0013333333333333333,pixel
pixel_r09_c31,12.0,0.0013333333333333333,pixel
pixel_r09_c23,12.0,0.0013333333333333333,pixel
pixel_r01_c15,11.0,0.0012222222222222222,pixel
pixel_r15_c24,11.0,0.0012222222222222222,pixel
pixel_r26_c20,11.0,0.0012222222222222222,pixel
pixel_r14_c21,11.0,0.0012222222222222222,pixel
pixel_r27_c21,11.0,0.0012222222222222222,pixel
pixel_r03_c22,11.0,0.0012222222222222222,pixel
pixel_r12_c29,11.0,0.0012222222222222222,pixel
pixel_r13_c16,11.0,0.0012222222222222222,pixel
pixel_r17_c16,11.0,0.0012222222222222222,pixel
pixel_r17_c02,11.0,0.0012222222222222222,pixel
pixel_r22_c13,11.0,0.0012222222222222222,pixel
pixel_r23_c17,11.0,0.0012222222222222222,pixel
pixel_r24_c08,11.0,0.0012222222222222222,pixel
pixel_r23_c05,11.0,0.0012222222222222222,pixel
pixel_r19_c20,11.0,0.0012222222222222222,pixel
pixel_r19_c22,11.0,0.0012222222222222222,pixel
pixel_r08_c09,11.0,0.0012222222222222222,pixel
pixel_r07_c18,11.0,0.0012222222222222222,pixel
pixel_r08_c00,11.0,0.0012222222222222222,pixel
pixel_r20_c11,11.0,0.0012222222222222222,pixel
pixel_r30_c16,11.0,0.0012222222222222222,pixel
pixel_r15_c18,10.0,0.0011111111111111111,pixel
pixel_r20_c03,10.0,0.0011111111111111111,pixel
pixel_r28_c09,10.0,0.0011111111111111111,pixel
pixel_r13_c26,10.0,0.0011111111111111111,pixel
pixel_r02_c15,10.0,0.0011111111111111111,pixel
pixel_r02_c06,10.0,0.0011111111111111111,pixel
pixel_r13_c02,10.0,0.0011111111111111111,pixel
pixel_r25_c22,10.0,0.0011111111111111111,pixel
pixel_r25_c24,10.0,0.0011111111111111111,pixel
pixel_r08_c10,10.0,0.0011111111111111111,pixel
pixel_r20_c19,10.0,0.0011111111111111111,pixel
pixel_r12_c25,10.0,0.0011111111111111111,pixel
pixel_r24_c20,10.0,0.0011111111111111111,pixel
pixel_r17_c25,10.0,0.0011111111111111111,pixel
pixel_r21_c14,10.0,0.0011111111111111111,pixel
pixel_r04_c22,10.0,0.0011111111111111111,pixel
pixel_r11_c12,10.0,0.0011111111111111111,pixel
pixel_r10_c15,10.0,0.0011111111111111111,pixel
pixel_r10_c09,10.0,0.0011111111111111111,pixel
pixel_r31_c23,10.0,0.0011111111111111111,pixel
pixel_r23_c07,10.0,0.0011111111111111111,pixel
pixel_r18_c15,10.0,0.0011111111111111111,pixel
pixel_r12_c21,10.0,0.0011111111111111111,pixel
pixel_r20_c30,10.0,0.0011111111111111111,pixel
pixel_r12_c08,10.0,0.0011111111111111111,pixel
pixel_r06_c25,10.0,0.0011111111111111111,pixel
pixel_r25_c15,9.0,0.001,pixel
pixel_r05_c07,9.0,0.001,pixel
pixel_r19_c02,9.0,0.001,pixel
pixel_r23_c16,9.0,0.001,pixel
pixel_r23_c24,9.0,0.001,pixel
pixel_r17_c23,9.0,0.001,pixel
pixel_r21_c08,9.0,0.001,pixel
pixel_r21_c06,9.0,0.001,pixel
pixel_r07_c14,9.0,0.001,pixel
pixel_r17_c10,9.0,0.001,pixel
pixel_r26_c19,9.0,0.001,pixel
pixel_r14_c22,9.0,0.001,pixel
pixel_r22_c10,9.0,0.001,pixel
pixel_r29_c13,9.0,0.001,pixel
pixel_r18_c26,9.0,0.001,pixel
pixel_r28_c21,9.0,0.001,pixel
pixel_r10_c31,9.0,0.001,pixel
pixel_r16_c18,9.0,0.001,pixel
pixel_r16_c22,9.0,0.001,pixel
pixel_r01_c25,9.0,0.001,pixel
pixel_r00_c24,9.0,0.001,pixel
pixel_r29_c17,9.0,0.001,pixel
pixel_r31_c25,9.0,0.001,pixel
pixel_r18_c24,9.0,0.001,pixel
pixel_r22_c19,9.0,0.001,pixel
pixel_r05_c13,9.0,0.001,pixel
pixel_r03_c13,9.0,0.001,pixel
pixel_r12_c03,9.0,0.001,pixel
pixel_r23_c01,9.0,0.001,pixel
pixel_r23_c04,9.0,0.001,pixel
pixel_r12_c07,9.0,0.001,pixel
pixel_r06_c21,9.0,0.001,pixel
pixel_r18_c10,9.0,0.001,pixel
pixel_r24_c01,9.0,0.001,pixel
pixel_r25_c18,8.0,0.0008888888888888889,pixel
pixel_r17_c20,8.0,0.0008888888888888889,pixel
pixel_r27_c10,8.0,0.0008888888888888889,pixel
pixel_r27_c08,8.0,0.0008888888888888889,pixel
pixel_r15_c11,8.0,0.0008888888888888889,pixel
pixel_r15_c10,8.0,0.0008888888888888889,pixel
pixel_r00_c10,8.0,0.0008888888888888889,pixel
pixel_r20_c12,8.0,0.0008888888888888889,pixel
pixel_r20_c10,8.0,0.0008888888888888889,pixel
pixel_r16_c23,8.0,0.0008888888888888889,pixel
pixel_r07_c13,8.0,0.0008888888888888889,pixel
pixel_r02_c16,8.0,0.0008888888888888889,pixel
pixel_r16_c26,8.0,0.0008888888888888889,pixel
pixel_r14_c05,8.0,0.0008888888888888889,pixel
pixel_r26_c22,8.0,0.0008888888888888889,pixel
pixel_r07_c25,8.0,0.0008888888888888889,pixel
pixel_r14_c14,8.0,0.0008888888888888889,pixel
pixel_r13_c25,8.0,0.0008888888888888889,pixel
pixel_r17_c24,8.0,0.0008888888888888889,pixel
pixel_r08_c22,8.0,0.0008888888888888889,pixel
pixel_r17_c21,8.0,0.0008888888888888889,pixel
pixel_r21_c07,8.0,0.0008888888888888889,pixel
pixel_r13_c12,8.0,0.0008888888888888889,pixel
pixel_r13_c05,8.0,0.0008888888888888889,pixel
pixel_r23_c21,8.0,0.0008888888888888889,pixel
pixel_r18_c12,8.0,0.0008888888888888889,pixel
pixel_r12_c13,8.0,0.0008888888888888889,pixel
pixel_r18_c06,8.0,0.0008888888888888889,pixel
pixel_r19_c09,8.0,0.0008888888888888889,pixel
pixel_r19_c11,8.0,0.0008888888888888889,pixel
pixel_r19_c05,8.0,0.0008888888888888889,pixel
pixel_r25_c05,8.0,0.0008888888888888889,pixel
pixel_r04_c07,8.0,0.0008888888888888889,pixel
pixel_r04_c09,8.0,0.0008888888888888889,pixel
pixel_r11_c29,8.0,0.0008888888888888889,pixel
pixel_r11_c26,8.0,0.0008888888888888889,pixel
pixel_r06_c15,8.0,0.0008888888888888889,pixel
pixel_r09_c04,8.0,0.0008888888888888889,pixel
pixel_r05_c10,8.0,0.0008888888888888889,pixel
pixel_r05_c09,8.0,0.0008888888888888889,pixel
pixel_r23_c13,8.0,0.0008888888888888889,pixel
pixel_r09_c19,8.0,0.0008888888888888889,pixel
pixel_r22_c09,8.0,0.0008888888888888889,pixel
pixel_r05_c22,8.0,0.0008888888888888889,pixel
pixel_r09_c21,8.0,0.0008888888888888889,pixel
pixel_r18_c22,8.0,0.0008888888888888889,pixel
pixel_r10_c14,8.0,0.0008888888888888889,pixel
pixel_r01_c08,8.0,0.0008888888888888889,pixel
pixel_r15_c31,8.0,0.0008888888888888889,pixel
pixel_r31_c26,8.0,0.0008888888888888889,pixel
pixel_r00_c26,7.0,0.0007777777777777777,pixel
pixel_r00_c19,7.0,0.0007777777777777777,pixel
pixel_r30_c08,7.0,0.0007777777777777777,pixel
pixel_r09_c12,7.0,0.0007777777777777777,pixel
pixel_r11_c23,7.0,0.0007777777777777777,pixel
pixel_r09_c20,7.0,0.0007777777777777777,pixel
pixel_r18_c29,7.0,0.0007777777777777777,pixel
pixel_r05_c25,7.0,0.0007777777777777777,pixel
pixel_r15_c23,7.0,0.0007777777777777777,pixel
pixel_r29_c10,7.0,0.0007777777777777777,pixel
pixel_r09_c25,7.0,0.0007777777777777777,pixel
pixel_r10_c24,7.0,0.0007777777777777777,pixel
pixel_r11_c15,7.0,0.0007777777777777777,pixel
pixel_r11_c03,7.0,0.0007777777777777777,pixel
pixel_r11_c04,7.0,0.0007777777777777777,pixel
pixel_r11_c16,7.0,0.0007777777777777777,pixel
pixel_r05_c17,7.0,0.0007777777777777777,pixel
pixel_r06_c06,7.0,0.0007777777777777777,pixel
pixel_r11_c22,7.0,0.0007777777777777777,pixel
pixel_r10_c16,7.0,0.0007777777777777777,pixel
pixel_r14_c02,7.0,0.0007777777777777777,pixel
pixel_r16_c11,7.0,0.0007777777777777777,pixel
pixel_r20_c06,7.0,0.0007777777777777777,pixel
pixel_r01_c18,7.0,0.0007777777777777777,pixel
pixel_r00_c09,7.0,0.0007777777777777777,pixel
pixel_r17_c22,7.0,0.0007777777777777777,pixel
pixel_r08_c21,7.0,0.0007777777777777777,pixel
pixel_r02_c18,7.0,0.0007777777777777777,pixel
pixel_r25_c21,7.0,0.0007777777777777777,pixel
pixel_r17_c17,7.0,0.0007777777777777777,pixel
pixel_r14_c15,7.0,0.0007777777777777777,pixel
pixel_r03_c17,7.0,0.0007777777777777777,pixel
pixel_r06_c18,7.0,0.0007777777777777777,pixel
pixel_r20_c23,7.0,0.0007777777777777777,pixel
pixel_r23_c23,7.0,0.0007777777777777777,pixel
pixel_r06_c20,7.0,0.0007777777777777777,pixel
pixel_r03_c20,7.0,0.0007777777777777777,pixel
pixel_r24_c09,7.0,0.0007777777777777777,pixel
pixel_r24_c12,7.0,0.0007777777777777777,pixel
pixel_r04_c08,7.0,0.0007777777777777777,pixel
pixel_r27_c20,7.0,0.0007777777777777777,pixel
pixel_r00_c07,7.0,0.0007777777777777777,pixel
pixel_r26_c25,7.0,0.0007777777777777777,pixel
pixel_r07_c12,7.0,0.0007777777777777777,pixel
pixel_r02_c17,7.0,0.0007777777777777777,pixel
pixel_r07_c21,7.0,0.0007777777777777777,pixel
pixel_r14_c07,7.0,0.0007777777777777777,pixel
pixel_r14_c12,7.0,0.0007777777777777777,pixel
pixel_r26_c06,7.0,0.0007777777777777777,pixel
pixel_r26_c07,7.0,0.0007777777777777777,pixel
pixel_r14_c25,7.0,0.0007777777777777777,pixel
pixel_r16_c20,7.0,0.0007777777777777777,pixel
pixel_r04_c16,7.0,0.0007777777777777777,pixel
pixel_r23_c22,7.0,0.0007777777777777777,pixel
pixel_r00_c20,6.0,0.0006666666666666666,pixel
pixel_r16_c03,6.0,0.0006666666666666666,pixel
pixel_r09_c24,6.0,0.0006666666666666666,pixel
pixel_r09_c07,6.0,0.0006666666666666666,pixel
pixel_r09_c09,6.0,0.0006666666666666666,pixel
pixel_r11_c06,6.0,0.0006666666666666666,pixel
pixel_r10_c21,6.0,0.0006666666666666666,pixel
pixel_r22_c25,6.0,0.0006666666666666666,pixel
pixel_r04_c20,6.0,0.0006666666666666666,pixel
pixel_r28_c25,6.0,0.0006666666666666666,pixel
pixel_r01_c13,6.0,0.0006666666666666666,pixel
pixel_r31_c19,6.0,0.0006666666666666666,pixel
pixel_r11_c00,6.0,0.0006666666666666666,pixel
pixel_r22_c08,6.0,0.0006666666666666666,pixel
pixel_r21_c27,6.0,0.0006666666666666666,pixel
pixel_r21_c31,6.0,0.0006666666666666666,pixel
pixel_r18_c23,6.0,0.0006666666666666666,pixel
pixel_r15_c21,6.0,0.0006666666666666666,pixel
pixel_r16_c02,6.0,0.0006666666666666666,pixel
pixel_r22_c11,6.0,0.0006666666666666666,pixel
pixel_r16_c08,6.0,0.0006666666666666666,pixel
pixel_r16_c04,6.0,0.0006666666666666666,pixel
pixel_r16_c14,6.0,0.0006666666666666666,pixel
pixel_r15_c08,6.0,0.0006666666666666666,pixel
pixel_r00_c15,6.0,0.0006666666666666666,pixel
pixel_r27_c09,6.0,0.0006666666666666666,pixel
pixel_r00_c08,6.0,0.0006666666666666666,pixel
pixel_r07_c10,6.0,0.0006666666666666666,pixel
pixel_r07_c11,6.0,0.0006666666666666666,pixel
pixel_r20_c08,6.0,0.0006666666666666666,pixel
pixel_r16_c10,6.0,0.0006666666666666666,pixel
pixel_r30_c23,6.0,0.0006666666666666666,pixel
pixel_r27_c24,6.0,0.0006666666666666666,pixel
pixel_r15_c14,6.0,0.0006666666666666666,pixel
pixel_r14_c26,6.0,0.0006666666666666666,pixel
pixel_r08_c01,6.0,0.0006666666666666666,pixel
pixel_r25_c19,6.0,0.0006666666666666666,pixel
pixel_r21_c03,6.0,0.0006666666666666666,pixel
pixel_r20_c29,6.0,0.0006666666666666666,pixel
pixel_r13_c07,6.0,0.0006666666666666666,pixel
pixel_r13_c06,6.0,0.0006666666666666666,pixel
pixel_r25_c20,6.0,0.0006666666666666666,pixel
pixel_r25_c26,6.0,0.0006666666666666666,pixel
pixel_r26_c04,6.0,0.0006666666666666666,pixel
pixel_r24_c15,6.0,0.0006666666666666666,pixel
pixel_r17_c26,6.0,0.0006666666666666666,pixel
pixel_r25_c13,6.0,0.0006666666666666666,pixel
pixel_r12_c24,6.0,0.0006666666666666666,pixel
pixel_r24_c00,6.0,0.0006666666666666666,pixel
pixel_r21_c21,6.0,0.0006666666666666666,pixel
pixel_r06_c07,6.0,0.0006666666666666666,pixel
pixel_r21_c20,6.0,0.0006666666666666666,pixel
pixel_r21_c24,6.0,0.0006666666666666666,pixel
pixel_r15_c27,6.0,0.0006666666666666666,pixel
pixel_r07_c20,6.0,0.0006666666666666666,pixel
pixel_r25_c14,6.0,0.0006666666666666666,pixel
pixel_r14_c08,6.0,0.0006666666666666666,pixel
pixel_r14_c23,6.0,0.0006666666666666666,pixel
pixel_r00_c06,6.0,0.0006666666666666666,pixel
pixel_r07_c06,6.0,0.0006666666666666666,pixel
pixel_r27_c31,6.0,0.0006666666666666666,pixel
pixel_r06_c26,6.0,0.0006666666666666666,pixel
pixel_r18_c03,6.0,0.0006666666666666666,pixel
pixel_r18_c08,6.0,0.0006666666666666666,pixel
pixel_r22_c05,5.0,0.0005555555555555556,pixel
pixel_r10_c27,5.0,0.0005555555555555556,pixel
pixel_r19_c00,5.0,0.0005555555555555556,pixel
pixel_r11_c01,5.0,0.0005555555555555556,pixel
pixel_r19_c01,5.0,0.0005555555555555556,pixel
pixel_r10_c02,5.0,0.0005555555555555556,pixel
pixel_r10_c04,5.0,0.0005555555555555556,pixel
pixel_r28_c23,5.0,0.0005555555555555556,pixel
pixel_r01_c06,5.0,0.0005555555555555556,pixel
pixel_r31_c24,5.0,0.0005555555555555556,pixel
pixel_r15_c26,5.0,0.0005555555555555556,pixel
pixel_r01_c14,5.0,0.0005555555555555556,pixel
pixel_r15_c28,5.0,0.0005555555555555556,pixel
pixel_r00_c22,5.0,0.0005555555555555556,pixel
pixel_r00_c18,5.0,0.0005555555555555556,pixel
pixel_r30_c07,5.0,0.0005555555555555556,pixel
pixel_r00_c25,5.0,0.0005555555555555556,pixel
pixel_r06_c00,5.0,0.0005555555555555556,pixel
pixel_r05_c20,5.0,0.0005555555555555556,pixel
pixel_r21_c26,5.0,0.0005555555555555556,pixel
pixel_r11_c28,5.0,0.0005555555555555556,pixel
pixel_r11_c25,5.0,0.0005555555555555556,pixel
pixel_r21_c22,5.0,0.0005555555555555556,pixel
pixel_r06_c17,5.0,0.0005555555555555556,pixel
pixel_r23_c03,5.0,0.0005555555555555556,pixel
pixel_r04_c21,5.0,0.0005555555555555556,pixel
pixel_r05_c16,5.0,0.0005555555555555556,pixel
pixel_r11_c05,5.0,0.0005555555555555556,pixel
pixel_r05_c14,5.0,0.0005555555555555556,pixel
pixel_r08_c02,5.0,0.0005555555555555556,pixel
pixel_r08_c03,5.0,0.0005555555555555556,pixel
pixel_r19_c25,5.0,0.0005555555555555556,pixel
pixel_r08_c27,5.0,0.0005555555555555556,pixel
pixel_r08_c25,5.0,0.0005555555555555556,pixel
pixel_r08_c31,5.0,0.0005555555555555556,pixel
pixel_r03_c14,5.0,0.0005555555555555556,pixel
pixel_r23_c28,5.0,0.0005555555555555556,pixel
pixel_r20_c31,5.0,0.0005555555555555556,pixel
pixel_r24_c11,5.0,0.0005555555555555556,pixel
pixel_r24_c13,5.0,0.0005555555555555556,pixel
pixel_r04_c11,5.0,0.0005555555555555556,pixel
pixel_r04_c12,5.0,0.0005555555555555556,pixel
pixel_r23_c15,5.0,0.0005555555555555556,pixel
pixel_r24_c10,5.0,0.0005555555555555556,pixel
pixel_r19_c07,5.0,0.0005555555555555556,pixel
pixel_r19_c08,5.0,0.0005555555555555556,pixel
pixel_r12_c11,5.0,0.0005555555555555556,pixel
pixel_r12_c09,5.0,0.0005555555555555556,pixel
pixel_r19_c03,5.0,0.0005555555555555556,pixel
pixel_r03_c16,5.0,0.0005555555555555556,pixel
pixel_r08_c24,5.0,0.0005555555555555556,pixel
pixel_r08_c19,5.0,0.0005555555555555556,pixel
pixel_r17_c03,5.0,0.0005555555555555556,pixel
pixel_r13_c18,5.0,0.0005555555555555556,pixel
pixel_r13_c19,5.0,0.0005555555555555556,pixel
pixel_r03_c11,5.0,0.0005555555555555556,pixel
pixel_r24_c19,5.0,0.0005555555555555556,pixel
pixel_r08_c08,5.0,0.0005555555555555556,pixel
pixel_r08_c07,5.0,0.0005555555555555556,pixel
pixel_r26_c12,5.0,0.0005555555555555556,pixel
pixel_r07_c16,5.0,0.0005555555555555556,pixel
pixel_r07_c30,5.0,0.0005555555555555556,pixel
pixel_r07_c26,5.0,0.0005555555555555556,pixel
pixel_r07_c23,5.0,0.0005555555555555556,pixel
pixel_r20_c16,5.0,0.0005555555555555556,pixel
pixel_r07_c04,5.0,0.0005555555555555556,pixel
pixel_r02_c11,5.0,0.0005555555555555556,pixel
pixel_r26_c15,5.0,0.0005555555555555556,pixel
pixel_r28_c10,5.0,0.0005555555555555556,pixel
pixel_r16_c27,5.0,0.0005555555555555556,pixel
pixel_r16_c28,5.0,0.0005555555555555556,pixel
pixel_r14_c06,5.0,0.0005555555555555556,pixel
pixel_r28_c03,5.0,0.0005555555555555556,pixel
pixel_r00_c13,5.0,0.0005555555555555556,pixel
pixel_r00_c04,5.0,0.0005555555555555556,pixel
pixel_r28_c02,5.0,0.0005555555555555556,pixel
pixel_r07_c31,5.0,0.0005555555555555556,pixel
pixel_r00_c05,5.0,0.0005555555555555556,pixel
pixel_r15_c06,5.0,0.0005555555555555556,pixel
pixel_r27_c15,5.0,0.0005555555555555556,pixel
pixel_r15_c04,5.0,0.0005555555555555556,pixel
pixel_r15_c05,5.0,0.0005555555555555556,pixel
pixel_r16_c01,5.0,0.0005555555555555556,pixel
pixel_r15_c20,5.0,0.0005555555555555556,pixel
pixel_r30_c28,4.0,0.00044444444444444447,pixel
pixel_r00_c11,4.0,0.00044444444444444447,pixel
pixel_r30_c21,4.0,0.00044444444444444447,pixel
pixel_r24_c30,4.0,0.00044444444444444447,pixel
pixel_r24_c28,4.0,0.00044444444444444447,pixel
pixel_r25_c10,4.0,0.00044444444444444447,pixel
pixel_r24_c27,4.0,0.00044444444444444447,pixel
pixel_r24_c24,4.0,0.00044444444444444447,pixel
pixel_r17_c09,4.0,0.00044444444444444447,pixel
pixel_r16_c07,4.0,0.00044444444444444447,pixel
pixel_r16_c05,4.0,0.00044444444444444447,pixel
pixel_r13_c08,4.0,0.00044444444444444447,pixel
pixel_r25_c07,4.0,0.00044444444444444447,pixel
pixel_r24_c16,4.0,0.00044444444444444447,pixel
pixel_r11_c19,4.0,0.00044444444444444447,pixel
pixel_r03_c12,4.0,0.00044444444444444447,pixel
pixel_r03_c15,4.0,0.00044444444444444447,pixel
pixel_r24_c17,4.0,0.00044444444444444447,pixel
pixel_r17_c04,4.0,0.00044444444444444447,pixel
pixel_r14_c10,4.0,0.00044444444444444447,pixel
pixel_r14_c17,4.0,0.00044444444444444447,pixel
pixel_r12_c05,4.0,0.00044444444444444447,pixel
pixel_r01_c16,4.0,0.00044444444444444447,pixel
pixel_r17_c27,4.0,0.00044444444444444447,pixel
pixel_r17_c29,4.0,0.00044444444444444447,pixel
pixel_r30_c13,4.0,0.00044444444444444447,pixel
pixel_r30_c15,4.0,0.00044444444444444447,pixel
pixel_r27_c18,4.0,0.00044444444444444447,pixel
pixel_r01_c11,4.0,0.00044444444444444447,pixel
pixel_r10_c00,4.0,0.00044444444444444447,pixel
pixel_r09_c27,4.0,0.00044444444444444447,pixel
pixel_r08_c06,4.0,0.00044444444444444447,pixel
pixel_r10_c10,4.0,0.00044444444444444447,pixel
pixel_r23_c27,4.0,0.00044444444444444447,pixel
pixel_r23_c26,4.0,0.00044444444444444447,pixel
pixel_r23_c30,4.0,0.00044444444444444447,pixel
pixel_r09_c10,4.0,0.00044444444444444447,pixel
pixel_r13_c28,4.0,0.00044444444444444447,pixel
pixel_r11_c30,4.0,0.00044444444444444447,pixel
pixel_r08_c23,4.0,0.00044444444444444447,pixel
pixel_r11_c07,4.0,0.00044444444444444447,pixel
pixel_r10_c23,4.0,0.00044444444444444447,pixel
pixel_r11_c08,4.0,0.00044444444444444447,pixel
pixel_r10_c29,4.0,0.00044444444444444447,pixel
pixel_r18_c28,4.0,0.00044444444444444447,pixel
pixel_r31_c14,4.0,0.00044444444444444447,pixel
pixel_r00_c12,4.0,0.00044444444444444447,pixel
pixel_r28_c16,4.0,0.00044444444444444447,pixel
pixel_r31_c13,4.0,0.00044444444444444447,pixel
pixel_r06_c01,4.0,0.00044444444444444447,pixel
pixel_r17_c01,4.0,0.00044444444444444447,pixel
pixel_r05_c27,4.0,0.00044444444444444447,pixel
pixel_r30_c01,4.0,0.00044444444444444447,pixel
pixel_r16_c29,4.0,0.00044444444444444447,pixel
pixel_r05_c24,4.0,0.00044444444444444447,pixel
pixel_r28_c19,4.0,0.00044444444444444447,pixel
pixel_r15_c01,4.0,0.00044444444444444447,pixel
pixel_r24_c05,4.0,0.00044444444444444447,pixel
pixel_r00_c14,4.0,0.00044444444444444447,pixel
pixel_r31_c18,4.0,0.00044444444444444447,pixel
pixel_r31_c21,4.0,0.00044444444444444447,pixel
pixel_r06_c11,4.0,0.00044444444444444447,pixel
pixel_r06_c08,4.0,0.00044444444444444447,pixel
pixel_r07_c01,4.0,0.00044444444444444447,pixel
pixel_r21_c10,4.0,0.00044444444444444447,pixel
pixel_r07_c07,4.0,0.00044444444444444447,pixel
pixel_r06_c19,4.0,0.00044444444444444447,pixel
pixel_r20_c02,4.0,0.00044444444444444447,pixel
pixel_r20_c05,4.0,0.00044444444444444447,pixel
pixel_r19_c27,4.0,0.00044444444444444447,pixel
pixel_r22_c22,4.0,0.00044444444444444447,pixel
pixel_r26_c11,4.0,0.00044444444444444447,pixel
pixel_r02_c05,4.0,0.00044444444444444447,pixel
pixel_r00_c27,4.0,0.00044444444444444447,pixel
pixel_r27_c07,4.0,0.00044444444444444447,pixel
pixel_r27_c06,4.0,0.00044444444444444447,pixel
pixel_r08_c26,4.0,0.00044444444444444447,pixel
pixel_r28_c26,4.0,0.00044444444444444447,pixel
pixel_r22_c07,4.0,0.00044444444444444447,pixel
pixel_r22_c03,4.0,0.00044444444444444447,pixel
pixel_r22_c04,4.0,0.00044444444444444447,pixel
pixel_r06_c12,4.0,0.00044444444444444447,pixel
pixel_r05_c18,4.0,0.00044444444444444447,pixel
pixel_r06_c27,4.0,0.00044444444444444447,pixel
pixel_r08_c14,4.0,0.00044444444444444447,pixel
pixel_r23_c00,4.0,0.00044444444444444447,pixel
pixel_r22_c28,4.0,0.00044444444444444447,pixel
pixel_r05_c08,4.0,0.00044444444444444447,pixel
pixel_r01_c10,4.0,0.00044444444444444447,pixel
pixel_r27_c26,4.0,0.00044444444444444447,pixel
pixel_r27_c22,4.0,0.00044444444444444447,pixel
pixel_r26_c23,4.0,0.00044444444444444447,pixel
pixel_r26_c21,4.0,0.00044444444444444447,pixel
pixel_r30_c24,3.0,0.0003333333333333333,pixel
pixel_r03_c08,3.0,0.0003333333333333333,pixel
pixel_r03_c31,3.0,0.0003333333333333333,pixel
pixel_r00_c00,3.0,0.0003333333333333333,pixel
pixel_r14_c19,3.0,0.0003333333333333333,pixel
pixel_r14_c28,3.0,0.0003333333333333333,pixel
pixel_r29_c07,3.0,0.0003333333333333333,pixel
pixel_r24_c23,3.0,0.0003333333333333333,pixel
pixel_r14_c29,3.0,0.0003333333333333333,pixel
pixel_r14_c16,3.0,0.0003333333333333333,pixel
pixel_r14_c00,3.0,0.0003333333333333333,pixel
pixel_r13_c31,3.0,0.0003333333333333333,pixel
pixel_r14_c04,3.0,0.0003333333333333333,pixel
pixel_r12_c04,3.0,0.0003333333333333333,pixel
pixel_r12_c06,3.0,0.0003333333333333333,pixel
pixel_r24_c26,3.0,0.0003333333333333333,pixel
pixel_r25_c31,3.0,0.0003333333333333333,pixel
pixel_r26_c01,3.0,0.0003333333333333333,pixel
pixel_r24_c18,3.0,0.0003333333333333333,pixel
pixel_r24_c14,3.0,0.0003333333333333333,pixel
pixel_r07_c05,3.0,0.0003333333333333333,pixel
pixel_r27_c16,3.0,0.0003333333333333333,pixel
pixel_r20_c09,3.0,0.0003333333333333333,pixel
pixel_r08_c28,3.0,0.0003333333333333333,pixel
pixel_r01_c21,3.0,0.0003333333333333333,pixel
pixel_r22_c24,3.0,0.0003333333333333333,pixel
pixel_r19_c18,3.0,0.0003333333333333333,pixel
pixel_r05_c15,3.0,0.0003333333333333333,pixel
pixel_r05_c01,3.0,0.0003333333333333333,pixel
pixel_r23_c06,3.0,0.0003333333333333333,pixel
pixel_r26_c10,3.0,0.0003333333333333333,pixel
pixel_r26_c08,3.0,0.0003333333333333333,pixel
pixel_r09_c06,3.0,0.0003333333333333333,pixel
pixel_r28_c24,3.0,0.0003333333333333333,pixel
pixel_r27_c29,3.0,0.0003333333333333333,pixel
pixel_r11_c31,3.0,0.0003333333333333333,pixel
pixel_r12_c00,3.0,0.0003333333333333333,pixel
pixel_r18_c19,3.0,0.0003333333333333333,pixel
pixel_r10_c30,3.0,0.0003333333333333333,pixel
pixel_r09_c22,3.0,0.0003333333333333333,pixel
pixel_r18_c31,3.0,0.0003333333333333333,pixel
pixel_r08_c05,3.0,0.0003333333333333333,pixel
pixel_r10_c01,3.0,0.0003333333333333333,pixel
pixel_r03_c00,3.0,0.0003333333333333333,pixel
pixel_r23_c31,3.0,0.0003333333333333333,pixel
pixel_r03_c19,3.0,0.0003333333333333333,pixel
pixel_r04_c17,3.0,0.0003333333333333333,pixel
pixel_r04_c15,3.0,0.0003333333333333333,pixel
pixel_r21_c00,3.0,0.0003333333333333333,pixel
pixel_r06_c23,3.0,0.0003333333333333333,pixel
pixel_r20_c07,3.0,0.0003333333333333333,pixel
pixel_r19_c31,3.0,0.0003333333333333333,pixel
pixel_r06_c10,3.0,0.0003333333333333333,pixel
pixel_r07_c17,3.0,0.0003333333333333333,pixel
pixel_r07_c00,3.0,0.0003333333333333333,pixel
pixel_r08_c17,3.0,0.0003333333333333333,pixel
pixel_r02_c10,3.0,0.0003333333333333333,pixel
pixel_r20_c26,3.0,0.0003333333333333333,pixel
pixel_r26_c24,3.0,0.0003333333333333333,pixel
pixel_r04_c25,3.0,0.0003333333333333333,pixel
pixel_r04_c19,3.0,0.0003333333333333333,pixel
pixel_r04_c24,3.0,0.0003333333333333333,pixel
pixel_r05_c11,3.0,0.0003333333333333333,pixel
pixel_r26_c27,3.0,0.0003333333333333333,pixel
pixel_r29_c00,3.0,0.0003333333333333333,pixel
pixel_r01_c02,3.0,0.0003333333333333333,pixel
pixel_r06_c13,3.0,0.0003333333333333333,pixel
pixel_r21_c28,3.0,0.0003333333333333333,pixel
pixel_r26_c29,3.0,0.0003333333333333333,pixel
pixel_r28_c28,3.0,0.0003333333333333333,pixel
pixel_r05_c30,3.0,0.0003333333333333333,pixel
pixel_r22_c02,3.0,0.0003333333333333333,pixel
pixel_r05_c26,3.0,0.0003333333333333333,pixel
pixel_r30_c00,3.0,0.0003333333333333333,pixel
pixel_r28_c15,3.0,0.0003333333333333333,pixel
pixel_r28_c12,3.0,0.0003333333333333333,pixel
pixel_r31_c16,3.0,0.0003333333333333333,pixel
pixel_r01_c31,3.0,0.0003333333333333333,pixel
pixel_r28_c06,3.0,0.0003333333333333333,pixel
pixel_r31_c09,3.0,0.0003333333333333333,pixel
pixel_r31_c10,2.0,0.00022222222222222223,pixel
pixel_r31_c17,2.0,0.00022222222222222223,pixel
pixel_r02_c00,2.0,0.00022222222222222223,pixel
pixel_r28_c11,2.0,0.00022222222222222223,pixel
pixel_r30_c30,2.0,0.00022222222222222223,pixel
pixel_r31_c20,2.0,0.00022222222222222223,pixel
pixel_r31_c22,2.0,0.00022222222222222223,pixel
pixel_r31_c30,2.0,0.00022222222222222223,pixel
pixel_r31_c07,2.0,0.00022222222222222223,pixel
pixel_r31_c08,2.0,0.00022222222222222223,pixel
pixel_r15_c17,2.0,0.00022222222222222223,pixel
pixel_r16_c24,2.0,0.00022222222222222223,pixel
pixel_r30_c20,2.0,0.00022222222222222223,pixel
pixel_r31_c00,2.0,0.00022222222222222223,pixel
pixel_r05_c19,2.0,0.00022222222222222223,pixel
pixel_r05_c21,2.0,0.00022222222222222223,pixel
pixel_r05_c23,2.0,0.00022222222222222223,pixel
pixel_r30_c05,2.0,0.00022222222222222223,pixel
pixel_r05_c02,2.0,0.00022222222222222223,pixel
pixel_r26_c30,2.0,0.00022222222222222223,pixel
pixel_r26_c31,2.0,0.00022222222222222223,pixel
pixel_r27_c00,2.0,0.00022222222222222223,pixel
pixel_r28_c27,2.0,0.00022222222222222223,pixel
pixel_r28_c29,2.0,0.00022222222222222223,pixel
pixel_r29_c01,2.0,0.00022222222222222223,pixel
pixel_r06_c16,2.0,0.00022222222222222223,pixel
pixel_r06_c24,2.0,0.00022222222222222223,pixel
pixel_r06_c30,2.0,0.00022222222222222223,pixel
pixel_r06_c05,2.0,0.00022222222222222223,pixel
pixel_r06_c09,2.0,0.00022222222222222223,pixel
pixel_r26_c28,2.0,0.00022222222222222223,pixel
pixel_r22_c31,2.0,0.00022222222222222223,pixel
pixel_r29_c24,2.0,0.00022222222222222223,pixel
pixel_r29_c28,2.0,0.00022222222222222223,pixel
pixel_r29_c29,2.0,0.00022222222222222223,pixel
pixel_r29_c31,2.0,0.00022222222222222223,pixel
pixel_r01_c05,2.0,0.00022222222222222223,pixel
pixel_r01_c07,2.0,0.00022222222222222223,pixel
pixel_r01_c09,2.0,0.00022222222222222223,pixel
pixel_r27_c19,2.0,0.00022222222222222223,pixel
pixel_r27_c27,2.0,0.00022222222222222223,pixel
pixel_r26_c18,2.0,0.00022222222222222223,pixel
pixel_r20_c27,2.0,0.00022222222222222223,pixel
pixel_r20_c28,2.0,0.00022222222222222223,pixel
pixel_r06_c22,2.0,0.00022222222222222223,pixel
pixel_r07_c02,2.0,0.00022222222222222223,pixel
pixel_r30_c09,2.0,0.00022222222222222223,pixel
pixel_r30_c14,2.0,0.00022222222222222223,pixel
pixel_r27_c14,2.0,0.00022222222222222223,pixel
pixel_r26_c09,2.0,0.00022222222222222223,pixel
pixel_r26_c13,2.0,0.00022222222222222223,pixel
pixel_r26_c14,2.0,0.00022222222222222223,pixel
pixel_r26_c16,2.0,0.00022222222222222223,pixel
pixel_r02_c04,2.0,0.00022222222222222223,pixel
pixel_r04_c29,2.0,0.00022222222222222223,pixel
pixel_r04_c04,2.0,0.00022222222222222223,pixel
pixel_r01_c22,2.0,0.00022222222222222223,pixel
pixel_r27_c05,2.0,0.00022222222222222223,pixel
pixel_r00_c23,2.0,0.00022222222222222223,pixel
pixel_r00_c30,2.0,0.00022222222222222223,pixel
pixel_r08_c29,2.0,0.00022222222222222223,pixel
pixel_r08_c30,2.0,0.00022222222222222223,pixel
pixel_r09_c01,2.0,0.00022222222222222223,pixel
pixel_r19_c24,2.0,0.00022222222222222223,pixel
pixel_r19_c26,2.0,0.00022222222222222223,pixel
pixel_r22_c23,2.0,0.00022222222222222223,pixel
pixel_r22_c27,2.0,0.00022222222222222223,pixel
pixel_r29_c09,2.0,0.00022222222222222223,pixel
pixel_r23_c29,2.0,0.00022222222222222223,pixel
pixel_r02_c07,2.0,0.00022222222222222223,pixel
pixel_r02_c30,2.0,0.00022222222222222223,pixel
pixel_r03_c01,2.0,0.00022222222222222223,pixel
pixel_r10_c06,2.0,0.00022222222222222223,pixel
pixel_r09_c02,2.0,0.00022222222222222223,pixel
pixel_r28_c20,2.0,0.00022222222222222223,pixel
pixel_r01_c20,2.0,0.00022222222222222223,pixel
pixel_r13_c27,2.0,0.00022222222222222223,pixel
pixel_r19_c06,2.0,0.00022222222222222223,pixel
pixel_r12_c01,2.0,0.00022222222222222223,pixel
pixel_r18_c30,2.0,0.00022222222222222223,pixel
pixel_r25_c27,2.0,0.00022222222222222223,pixel
pixel_r25_c28,2.0,0.00022222222222222223,pixel
pixel_r24_c22,2.0,0.00022222222222222223,pixel
pixel_r01_c12,2.0,0.00022222222222222223,pixel
pixel_r29_c06,2.0,0.00022222222222222223,pixel
pixel_r17_c30,2.0,0.00022222222222222223,pixel
pixel_r18_c00,2.0,0.00022222222222222223,pixel
pixel_r18_c01,2.0,0.00022222222222222223,pixel
pixel_r12_c23,2.0,0.00022222222222222223,pixel
pixel_r12_c30,2.0,0.00022222222222222223,pixel
pixel_r13_c00,2.0,0.00022222222222222223,pixel
pixel_r18_c04,2.0,0.00022222222222222223,pixel
pixel_r17_c05,2.0,0.00022222222222222223,pixel
pixel_r16_c17,2.0,0.00022222222222222223,pixel
pixel_r15_c02,2.0,0.00022222222222222223,pixel
pixel_r15_c03,2.0,0.00022222222222222223,pixel
pixel_r13_c30,2.0,0.00022222222222222223,pixel
pixel_r25_c04,2.0,0.00022222222222222223,pixel
pixel_r25_c11,2.0,0.00022222222222222223,pixel
pixel_r02_c26,2.0,0.00022222222222222223,pixel
pixel_r25_c01,2.0,0.00022222222222222223,pixel
pixel_r03_c02,2.0,0.00022222222222222223,pixel
pixel_r03_c05,2.0,0.00022222222222222223,pixel
pixel_r03_c07,2.0,0.00022222222222222223,pixel
pixel_r30_c22,2.0,0.00022222222222222223,pixel
pixel_r31_c01,2.0,0.00022222222222222223,pixel
pixel_r30_c25,2.0,0.00022222222222222223,pixel
pixel_r30_c26,2.0,0.00022222222222222223,pixel
pixel_r00_c01,2.0,0.00022222222222222223,pixel
pixel_r30_c29,1.0,0.00011111111111111112,pixel
pixel_r30_c27,1.0,0.00011111111111111112,pixel
pixel_r30_c18,1.0,0.00011111111111111112,pixel
pixel_r16_c31,1.0,0.00011111111111111112,pixel
pixel_r16_c30,1.0,0.00011111111111111112,pixel
pixel_r31_c05,1.0,0.00011111111111111112,pixel
pixel_r31_c03,1.0,0.00011111111111111112,pixel
pixel_r31_c02,1.0,0.00011111111111111112,pixel
pixel_r31_c31,1.0,0.00011111111111111112,pixel
pixel_r31_c28,1.0,0.00011111111111111112,pixel
pixel_r31_c27,1.0,0.00011111111111111112,pixel
pixel_r00_c17,1.0,0.00011111111111111112,pixel
pixel_r04_c01,1.0,0.00011111111111111112,pixel
pixel_r04_c00,1.0,0.00011111111111111112,pixel
pixel_r03_c30,1.0,0.00011111111111111112,pixel
pixel_r03_c03,1.0,0.00011111111111111112,pixel
pixel_r25_c00,1.0,0.00011111111111111112,pixel
pixel_r24_c31,1.0,0.00011111111111111112,pixel
pixel_r24_c29,1.0,0.00011111111111111112,pixel
pixel_r02_c25,1.0,0.00011111111111111112,pixel
pixel_r02_c24,1.0,0.00011111111111111112,pixel
pixel_r02_c23,1.0,0.00011111111111111112,pixel
pixel_r02_c22,1.0,0.00011111111111111112,pixel
pixel_r02_c21,1.0,0.00011111111111111112,pixel
pixel_r25_c17,1.0,0.00011111111111111112,pixel
pixel_r25_c08,1.0,0.00011111111111111112,pixel
pixel_r25_c02,1.0,0.00011111111111111112,pixel
pixel_r29_c08,1.0,0.00011111111111111112,pixel
pixel_r29_c05,1.0,0.00011111111111111112,pixel
pixel_r29_c04,1.0,0.00011111111111111112,pixel
pixel_r29_c02,1.0,0.00011111111111111112,pixel
pixel_r01_c17,1.0,0.00011111111111111112,pixel
pixel_r24_c07,1.0,0.00011111111111111112,pixel
pixel_r26_c02,1.0,0.00011111111111111112,pixel
pixel_r26_c00,1.0,0.00011111111111111112,pixel
pixel_r25_c30,1.0,0.00011111111111111112,pixel
pixel_r25_c29,1.0,0.00011111111111111112,pixel
pixel_r25_c23,1.0,0.00011111111111111112,pixel
pixel_r02_c29,1.0,0.00011111111111111112,pixel
pixel_r03_c25,1.0,0.00011111111111111112,pixel
pixel_r23_c25,1.0,0.00011111111111111112,pixel
pixel_r04_c14,1.0,0.00011111111111111112,pixel
pixel_r29_c22,1.0,0.00011111111111111112,pixel
pixel_r29_c21,1.0,0.00011111111111111112,pixel
pixel_r29_c16,1.0,0.00011111111111111112,pixel
pixel_r29_c15,1.0,0.00011111111111111112,pixel
pixel_r22_c26,1.0,0.00011111111111111112,pixel
pixel_r04_c13,1.0,0.00011111111111111112,pixel
pixel_r04_c06,1.0,0.00011111111111111112,pixel
pixel_r23_c09,1.0,0.00011111111111111112,pixel
pixel_r23_c02,1.0,0.00011111111111111112,pixel
pixel_r04_c28,1.0,0.00011111111111111112,pixel
pixel_r03_c26,1.0,0.00011111111111111112,pixel
pixel_r02_c03,1.0,0.00011111111111111112,pixel
pixel_r26_c05,1.0,0.00011111111111111112,pixel
pixel_r29_c27,1.0,0.00011111111111111112,pixel
pixel_r29_c25,1.0,0.00011111111111111112,pixel
pixel_r29_c23,1.0,0.00011111111111111112,pixel
pixel_r04_c26,1.0,0.00011111111111111112,pixel
pixel_r04_c18,1.0,0.00011111111111111112,pixel
pixel_r22_c29,1.0,0.00011111111111111112,pixel
pixel_r05_c06,1.0,0.00011111111111111112,pixel
pixel_r05_c04,1.0,0.00011111111111111112,pixel
pixel_r05_c29,1.0,0.00011111111111111112,pixel
pixel_r30_c04,1.0,0.00011111111111111112,pixel
pixel_r22_c01,1.0,0.00011111111111111112,pixel
pixel_r22_c00,1.0,0.00011111111111111112,pixel
pixel_r21_c30,1.0,0.00011111111111111112,pixel
pixel_r21_c29,1.0,0.00011111111111111112,pixel
pixel_r06_c14,1.0,0.00011111111111111112,pixel
pixel_r01_c04,1.0,0.00011111111111111112,pixel
pixel_r01_c03,1.0,0.00011111111111111112,pixel
pixel_r26_c26,1.0,0.00011111111111111112,pixel
pixel_r07_c09,1.0,0.00011111111111111112,pixel
pixel_r06_c04,1.0,0.00011111111111111112,pixel
pixel_r06_c02,1.0,0.00011111111111111112,pixel
pixel_r21_c02,1.0,0.00011111111111111112,pixel
pixel_r06_c31,1.0,0.00011111111111111112,pixel
pixel_r06_c29,1.0,0.00011111111111111112,pixel
pixel_r07_c24,1.0,0.00011111111111111112,pixel
pixel_r08_c12,1.0,0.00011111111111111112,pixel
pixel_r06_c28,1.0,0.00011111111111111112,pixel
pixel_r20_c25,1.0,0.00011111111111111112,pixel
pixel_r20_c22,1.0,0.00011111111111111112,pixel
pixel_r27_c25,1.0,0.00011111111111111112,pixel
pixel_r27_c17,1.0,0.00011111111111111112,pixel
pixel_r27_c13,1.0,0.00011111111111111112,pixel
pixel_r27_c12,1.0,0.00011111111111111112,pixel
pixel_r30_c12,1.0,0.00011111111111111112,pixel
pixel_r07_c08,1.0,0.00011111111111111112,pixel
pixel_r07_c29,1.0,0.00011111111111111112,pixel
pixel_r07_c28,1.0,0.00011111111111111112,pixel
pixel_r07_c27,1.0,0.00011111111111111112,pixel
pixel_r20_c00,1.0,0.00011111111111111112,pixel
pixel_r00_c29,1.0,0.00011111111111111112,pixel
pixel_r30_c17,1.0,0.00011111111111111112,pixel
pixel_r27_c11,1.0,0.00011111111111111112,pixel
pixel_r27_c04,1.0,0.00011111111111111112,pixel
pixel_r01_c30,1.0,0.00011111111111111112,pixel
pixel_r01_c29,1.0,0.00011111111111111112,pixel
pixel_r01_c27,1.0,0.00011111111111111112,pixel
pixel_r01_c19,1.0,0.00011111111111111112,pixel
pixel_r28_c01,1.0,0.00011111111111111112,pixel
pixel_r09_c03,1.0,0.00011111111111111112,pixel
pixel_r09_c30,1.0,0.00011111111111111112,pixel
pixel_r09_c29,1.0,0.00011111111111111112,pixel
pixel_r09_c26,1.0,0.00011111111111111112,pixel
pixel_r10_c11,1.0,0.00011111111111111112,pixel
pixel_r20_c01,1.0,0.00011111111111111112,pixel
pixel_r12_c27,1.0,0.00011111111111111112,pixel
pixel_r10_c05,1.0,0.00011111111111111112,pixel
pixel_r10_c03,1.0,0.00011111111111111112,pixel
pixel_r13_c22,1.0,0.00011111111111111112,pixel
pixel_r11_c24,1.0,0.00011111111111111112,pixel
pixel_r13_c01,1.0,0.00011111111111111112,pixel
pixel_r12_c31,1.0,0.00011111111111111112,pixel
pixel_r14_c27,1.0,0.00011111111111111112,pixel
pixel_r17_c31,1.0,0.00011111111111111112,pixel
pixel_r13_c04,1.0,0.00011111111111111112,pixel
pixel_r15_c29,1.0,0.00011111111111111112,pixel
pixel_r17_c06,1.0,0.00011111111111111112,pixel
pixel_r15_c00,1.0,0.00011111111111111112,pixel
pixel_r31_c15,1.0,0.00011111111111111112,pixel
pixel_r31_c11,1.0,0.00011111111111111112,pixel
pixel_r30_c31,1.0,0.00011111111111111112,pixel
pixel_r00_c16,0.0,0.0,pixel
pixel_r31_c29,0.0,0.0,pixel
width,0.0,0.0,metadata
height,0.0,0.0,metadata
pixel_r31_c04,0.0,0.0,pixel
pixel_r31_c06,0.0,0.0,pixel
pixel_r31_c12,0.0,0.0,pixel
pixel_r02_c01,0.0,0.0,pixel
pixel_r28_c04,0.0,0.0,pixel
pixel_r28_c05,0.0,0.0,pixel
pixel_r28_c07,0.0,0.0,pixel
pixel_r28_c08,0.0,0.0,pixel
pixel_r28_c13,0.0,0.0,pixel
pixel_r27_c28,0.0,0.0,pixel
pixel_r27_c30,0.0,0.0,pixel
pixel_r28_c00,0.0,0.0,pixel
pixel_r01_c23,0.0,0.0,pixel
pixel_r01_c24,0.0,0.0,pixel
pixel_r01_c26,0.0,0.0,pixel
pixel_r01_c28,0.0,0.0,pixel
pixel_r02_c09,0.0,0.0,pixel
pixel_r27_c01,0.0,0.0,pixel
pixel_r27_c02,0.0,0.0,pixel
pixel_r27_c03,0.0,0.0,pixel
pixel_r28_c30,0.0,0.0,pixel
pixel_r28_c31,0.0,0.0,pixel
pixel_r26_c03,0.0,0.0,pixel
pixel_r26_c17,0.0,0.0,pixel
pixel_r02_c02,0.0,0.0,pixel
pixel_r02_c08,0.0,0.0,pixel
pixel_r02_c27,0.0,0.0,pixel
pixel_r02_c28,0.0,0.0,pixel
pixel_r02_c31,0.0,0.0,pixel
pixel_r25_c03,0.0,0.0,pixel
pixel_r03_c04,0.0,0.0,pixel
pixel_r03_c06,0.0,0.0,pixel
pixel_r03_c28,0.0,0.0,pixel
pixel_r03_c29,0.0,0.0,pixel
pixel_r24_c02,0.0,0.0,pixel
pixel_r24_c03,0.0,0.0,pixel
pixel_r29_c03,0.0,0.0,pixel
pixel_r29_c14,0.0,0.0,pixel
pixel_r03_c18,0.0,0.0,pixel
pixel_r03_c23,0.0,0.0,pixel
pixel_r03_c24,0.0,0.0,pixel
pixel_r03_c27,0.0,0.0,pixel
pixel_r04_c27,0.0,0.0,pixel
pixel_r04_c30,0.0,0.0,pixel
pixel_r04_c31,0.0,0.0,pixel
pixel_r05_c00,0.0,0.0,pixel
pixel_r04_c02,0.0,0.0,pixel
pixel_r04_c03,0.0,0.0,pixel
pixel_r04_c05,0.0,0.0,pixel
pixel_r22_c30,0.0,0.0,pixel
pixel_r29_c26,0.0,0.0,pixel
pixel_r29_c30,0.0,0.0,pixel
pixel_r30_c02,0.0,0.0,pixel
pixel_r30_c03,0.0,0.0,pixel
pixel_r30_c06,0.0,0.0,pixel
pixel_r05_c28,0.0,0.0,pixel
pixel_r05_c31,0.0,0.0,pixel
pixel_r05_c03,0.0,0.0,pixel
pixel_r05_c05,0.0,0.0,pixel
pixel_r21_c05,0.0,0.0,pixel
pixel_r06_c03,0.0,0.0,pixel
pixel_r20_c24,0.0,0.0,pixel
pixel_r21_c01,0.0,0.0,pixel
pixel_r07_c03,0.0,0.0,pixel
pixel_r30_c10,0.0,0.0,pixel
pixel_r30_c11,0.0,0.0,pixel
pixel_r00_c21,0.0,0.0,pixel
pixel_r00_c28,0.0,0.0,pixel
pixel_r00_c31,0.0,0.0,pixel
pixel_r01_c00,0.0,0.0,pixel
pixel_r19_c28,0.0,0.0,pixel
pixel_r19_c30,0.0,0.0,pixel
pixel_r19_c04,0.0,0.0,pixel
pixel_r11_c02,0.0,0.0,pixel
pixel_r10_c26,0.0,0.0,pixel
pixel_r18_c27,0.0,0.0,pixel
pixel_r12_c28,0.0,0.0,pixel
pixel_r18_c05,0.0,0.0,pixel
pixel_r14_c01,0.0,0.0,pixel
pixel_r14_c30,0.0,0.0,pixel
pixel_r14_c31,0.0,0.0,pixel
pixel_r16_c06,0.0,0.0,pixel
pixel_r15_c30,0.0,0.0,pixel
pixel_r16_c00,0.0,0.0,pixel
pixel_r17_c00,0.0,0.0,pixel
pixel_r01_c01,0.0,0.0,pixel
pixel_r30_c19,0.0,0.0,pixel
pixel_r00_c03,0.0,0.0,pixel
pixel_r00_c02,0.0,0.0,pixel
